PD3159_Sphingidae_Polyptychus_digitatus,Polyptychus_digitatus
LEP29044_Saturniidae_Arsenura_armida,Arsenura_armida
RRou00164_Saturniidae_Arsenurinae_Almeidaia_aidae,Almeidaia_aidae
I3503_Saturniidae_Eacles_imperialis_or_ormondei,Eacles_imperialis_or_ormondei
LEP39470_Saturniidae_Ceratocampinae_Anisota_pellucida,Anisota_pellucida
ADW1522_Saturniidae_Hemileucinae_Hemileuca_magnifica,Hemileuca_magnifica
LEP47817_Saturniidae_Hemileucinae_Polythysana_cinerascens,Polythysana_cinerascens
LEP36749_Saturniidae_Aglia_japonica,Aglia_japonica
LEP43920_Saturniidae_Saturniinae_Micragone_agathylla,Micragone_agathylla
LEP41075_Saturniidae_Eudaemonia_agriphontes,Eudaemonia_agriphontes
LEP32277d_Saturniidae_Bunaea_alcinoe,Bunaea_alcinoe
LEP28601_Saturniidae_Rothschildia_lebeau,Rothschildia_lebeau
S1C1R3D_Saturniidae_Saturniinae_Saturnia-Eudia_pavonia,Saturnia-Eudia_pavonia
LEP41093_Saturniidae_Salassa_sp,Salassa_sp
LEP43116_Saturniidae_Cercophaninae_Janiodes_ecuadoriensis,Janiodes_ecuadoriensis
LEP41811_Saturniidae_Cercophaninae_Cercophana_venusta,Cercophana_venusta
I3533_Oxytenidae_Oxytenis_sp,Oxytenis_sp
SMNSDNALEP298_Eupterotidae_Janinae_Acrojana_scutaea,Acrojana_scutaea
SMNSDNALEP289_Eupterotidae_Janinae_Stenoglene_uniformis,Stenoglene_uniformis
SMNSDNALEP293_Eupterotidae_Janinae_Jana_preciosa,Jana_preciosa
SMNSDNALEP327_Eupterotidae_Janinae_Jana_strigina,Jana_strigina
LEP40331_Eupterotidae_Janinae_Rhodopteriana_sp,Rhodopteriana_sp
LEP43927_Eupterotidae_Janinae_Hoplojana_sp,Hoplojana_sp
LEP43930_Eupterotidae_Janinae_Camerunia_sp,Camerunia_sp
LEP43933_Eupterotidae_Janinae_Hibrildes_sp,Hibrildes_sp
LEP13121_Eupterotidae_Ganisa-group_Pseudojana_sp,Ganisa_group_Pseudojana_sp
LEP29037_Eupterotidae_Ganisa-group_Pseudoganisa_currani,Ganisa_group_Pseudoganisa_currani
LEP12127_Eupterotidae_Ganisa_similis,Ganisa_similis
LEP12405_Eupterotidae_Ganisa-group_Melanothrix_sp-Malaysia,Ganisa_group_Melanothrix_sp-Malaysia
SMNSDNAAZ700_Eupterotidae_Ganisa-group_Melanothrix_sp-Phillipines,Ganisa_group_Melanothrix_sp-Phillipines
RSA2010B_Eupterotidae_Striphnopteryginae_Lichenopteryx_despecta,Lichenopteryx_despecta
SMNSDNALEP329_Eupterotidae_Striphnopteryginae_Phiala_cunina-albida,Phiala_cunina-albida
LEP31093_Eupterotidae_Striphnopteryginae_Phiala_wichgrafi,Phiala_wichgrafi
LEP15770_Eupterotidae_Eupterotinae_Eupterote_sp-Malaysia,Eupterote_sp-Malaysia
DNAAZ69_Eupterotidae_Panacelinae_Panacela_lewinae,Panacela_lewinae
DNAAZ58_Eupterotidae_Eupterotinae_Cotana_serranotata,Cotana_serranotata
LEP14884_Eupterotidae_Eupterotinae_Eupterote_asclepiades,Eupterote_asclepiades
LEP46921_Eupterotidae_Ganisa-group_Neopreptos_sp,Ganisa_group_Neopreptos_sp
S1C2R3B_Brahmaeidae_unknown_Lemonia_philopalus,Lemonia_philopalus
RSA2010C_Brahmaeidae_unknown_Spiramiopsis_comma,Spiramiopsis_comma
LEP43940_Brahmaeidae_unknown_Dactyloceras_sp,Dactyloceras_sp
LEP12430_Brahmaeidae_Brahmaea_sp,Brahmaea_sp
LEP36666_Brahmaeidae_unknown_Brahmaea_japonica,Brahmaea_japonica
RROU00221_Brahmaeidae_Acanthobrahmaea_europaea_sp,Acanthobrahmaea_europaea_sp
LEP42615_Apatelodidae_Apatelodinae_Ephoria_basifulva,Ephoria_basifulva
LEP41071_Apatelodidae_Apatelodinae_Prothysana-Tarchon-Zanola_sp,Prothysana_sp_a
Zwick5215_Apatelodidae_Apatelodinae_Ephoria_liliana,Ephoria_liliana
LEP45524_Apatelodidae_Apatelodinae_Zanola_sp,Zanola_sp
Zwick5132_Apatelodidae_Apatelodinae_Falcatelodes_anava,Falcatelodes_anava
RSP941023_Apatelodidae_Olceclostera_seraphica,Olceclostera_seraphica
LEP43299_Apatelodidae_Apatelodinae_Olceclostera_amoria,Olceclostera_amoria
LEP47939_Bombycidae_Epiinae_Arotros_striata,Arotros_striata
LEP24256_Bombycidae_Apatelodes_firmiana,Apatelodes_firmiana
_FG120036B_Apatelodidae_comp_R,comp_R
LEP48070_Bombycidae_Epiinae_Prothysana_sp,Prothysana_sp_2
Zwick5031_Apatelodidae_Apatelodinae_Drepatelodes_quadrilineata,Drepatelodes_quadrilineata
LEP45413_Apatelodidae_Apatelodinae_Drepatelodes_sp,Drepatelodes_sp
I3488_Lasiocampidae_Trabala_hantu,Trabala_hantu
_FG120070B_Lasiocampid_comp_R,comp_R2
SMNSDNAAZ734_Endromidae_unknown_Oberthueria_caeca,Oberthueria_caeca
AYK040504_Endromidae_Oberthueria_formosibia,Oberthueria_formosibia
LEP14795_Endromidae_unknown_Mustilizans_dierli,Mustilizans_dierli
LEP48063_Endromidae_Comparmustilia_sphingiformis_sp,Comparmustilia_sphingiformis_sp
LEP48065_Endromidae_Mustilia_glabrata_sp,Mustilia_glabrata_sp
LEP48069_Endromidae_Andraca_trilochoides_sp,Andraca_trilochoides_sp
LEP48068_Endromidae_Pseudandraca_flavamaculata_sp,Pseudandraca_flavamaculata_sp
RXR020511_Mirinidae_Mirina_christophi,Mirina_christophi
RSP951002_Endromidae_Endromis_versicolora,Endromis_versicolora
AYK0408249_Endromidae_Prismosticta_fenestrata,Prismosticta_fenestrata
LEP24348_Phiditiidae_unknown_Phiditia_sp,Phiditia_sp1
FG120098B_Phiditiidae_Phiditiinae_NS_Phiditia_sp,Phiditia_sp2
DHJ022451_Phiditiidae_Sorocaba_spJanzen01,Sorocaba_spJanzen01
TB032180_Carthaeidae_Carthaea_saturnioides,Carthaea_saturnioides
MJM970330_Anthelidae_Anthelinae_Chelepteryx_collesi,Chelepteryx_collesi
MJM960289_Anthelidae_Anthelinae_Nataxa_flavescens,Nataxa_flavescens
DNAAZ27_Anthelidae_Anthelinae_Anthela_ocellata,Anthela_ocellata
DNAAZ45_Anthelidae_Anthelinae_Anthela_asterias,Anthela_asterias
AZ073114_Anthelidae_Anthelinae_Pterolocera_amplicornis,Pterolocera_amplicornis
MJM970299_Anthelidae_Anthela_varia,Anthela_varia
LEP44411_Bombycidae_Epiinae_Colla_sp,Colla_sp
LEP44961_Bombycidae_unknown_New-genus_new-species,New-genus_new-species
LEP05982_Bombycidae_Epia_muscosa,Epia_muscosa
LEP43318_Bombycidae_Epiinae_Epia_lunilinea,Epia_lunilinea
FG120013_Bombycidae_Bombycinae_Epiini_Colla_sp,Colla_sp
LEP44921_Bombycidae_Epiinae_Anticla_antica,Anticla_antica
LEP44765_Bombycidae_Epiinae_Anticla_ortygia,Anticla_ortygia
LEP05507_Bombycidae_Quentalia_melchthalia,Quentalia_melchthalia
LEP05605_Bombycidae_Quentalia_lividia,Quentalia_lividia
LEP48071_Bombycidae_Bombycinae_Rotunda_rotundapex,Rotunda_rotundapex
_BMORI_comp_R,comp_R3
SN000014_Bombycidae_Ernolatia_moorei,Ernolatia_moorei
LEP44330_Bombycidae_Bombycinae_Penicilifera_sp,Penicillifera_sp
AYK040514_Bombycidae_Bombycinae_Triuncina_brunnea,Triuncina_brunnea
SN000008_Bombycidae_Bombycinae_Trilocha_sp,Trilocha_sp
LEP47935_Bombycidae_Bombycinae_Gunda_cf-ochracea,Gunda_cf-ochracea
LEP20160_Bombycidae_Bombycinae_Ocinara_sp,Ocinara_sp
LEP36752_Sphingidae_Macroglossinae_Hemaris_thysbe,Hemaris_thysbe
LEP12513_Sphingidae_Macroglossinae_Macroglossum_sylvia,Macroglossum_sylvia
I3530_Sphingidae_Pseudosphinx_UNKNOWN,Pseudosphinx_UNKNOWN
Pqqc_Sphingidae_Sphinginae_Pentateucha_curiosa,Pentateucha_curiosa
I3523_Laophontidae_Langia_zenzeroides,Langia_zenzeroides
DT2557_Sphingidae_Dolbina_tancrei,Dolbina_tancrei
I3519_Sphingidae_Sphinx_chersis,Sphinx_chersis
I3512_Sphingidae_Hopliocnema_brachycera,Hopliocnema_brachycera
LEP12192_Sphingidae_Ambulyx_canescens,Ambulyx_canescens
I3521_Sphingidae_Cypa_decolor,Cypa_decolor
LEP23372_Sphingidae_Smerinthinae_Smerinthus_jamaicensis,Smerinthus_jamaicensis
I3524_Sphingidae_Mimas_tiliae,Mimas_tiliae
I3511_Sphingidae_Coequosa_triangularis,Coequosa_triangularis
LEP12527_Sphingidae_Callambulyx_rubricosa,Callambulyx_rubricosa
V005T_Sphingidae_Smerinthinae_Smerinthini_Parum_colligata,Parum_colligata
LEP12973_Sphingidae_Smerinthinae_Clanis_undulosa,Clanis_undulosa
SW130203T_Sphingidae_Smerinthinae_Smerinthini_Marumba_juvencus,Marumba_juvencus
LEP21041_Sphingidae_Smerinthinae_Polyptychus_andosa,Polyptychus_andosa
Ffaa_Sphingidae_Falcatula_falcata,Falcatula_falcata
AD3153_Sphingidae_Andriasa_contraria,Andriasa_contraria
PB5839_Sphingidae_Pseudoclanis_kenyae,Pseudoclanis_kenyae
