Ditrysia,Ditrysia
Palaephatus,Palaephatus
Tegeticula,Tischeria
Lampronia,Coptotriche
Cecidoses,Astrotischeria
Dicranoses,Azaleodes
Andesiana,Ptyssoptera
Nematopogon,Adela
Antispila,Cauchas
Heliozela,Nemophora
Crinopteryx,Nematopogon
Vespina,Antispila
Perthida,Heliozela
Tridentaforma,Crinopteryx
Prodoxus,Vespina
Tischeria,Perthida
Coptotriche,Tridentaforma
Astrotischeria,Prodoxus
Azaleodes,Tegeticula
Ptyssoptera,Lampronia
Adela,Cecidoses
Cauchas,Dicranoses
Nemophora,Andesiana
Enteucha,Enteucha
Manoneura,Manoneura
Stigmella,Stigmella
Pectinivalva,Pectinivalva
Ectoedemia1,Ectoedemia
Ectoedemia_(Fomor_),Ectoedemia_(Fomor_)
Trifurcula,Trifurcula
Opostega_sp_nov,Opostega_sp_nov
Opostea_sp_2,Opostea_sp_2
Pseudopostega,Pseudopostega
Acanthopteroctetes,Acanthopteroctetes
Neopseustis,Neopseustis
Apoplania,Apoplania
Dyseriocrania,Dyseriocrania
Eriocrania,Eriocrania
Eriocraniella,Eriocraniella
gen_sp_,gen_sp_
Elhamma,Elhamma
Oxycanus,Oxycanus
Callipielus,Callipielus
Trictena,Trictena
Korscheltellus,Korscheltellus
Sthenopis,Sthenopis
Phymatopus,Phymatopus
Gazorycta,Gazorycta
Prototheora,Prototheora
Ogygioses,Ogygioses
Mnesarchaea,Mnesarchaea
Lophocorona,Lophocorona
Heterobathmia,Heterobathmia
Sabatinca,Sabatinca
Zealandopterix,Zealandopterix
Sporaphaga,Sporaphaga
Epimartyria,Epimartyria
Micropterix,Micropterix
Agathiphaga,Agathiphaga
Trichoptera,Trichoptera
