FS.a_167_Baronia_brevicornis,Baronia_brevicornis
NW167_15_Parnassius_phoebus,Parnassius_phoebus
FS_b_1597_Hypermnestra_helios,Hypermnestra_helios
FS_b_1868_Archon_apollinus,Archon_apollinus
FS_a_335_Luehdorfia_japonica,Luehdorfia_japonica
FS_a_399_Sericinus_montela,Sericinus_montela
FS_b_1589_Bhutanitis_mansfieldi,Bhutanitis_mansfieldi
FS_a_342_Allancastria_cerisyi,Allancastria_cerisyi
FS_a_88_Zerynthia_rumina,Zerynthia_rumina
FS_a_6_Iphiclides_podalirius,Iphiclides_podalirius
FS_b_3714_Lamproptera_meges,Lamproptera_meges
FS.b_900_Graphium_agamemnon,Graphium_agamemnon
FS_b_1918_Eurytides_serville,Eurytides_serville
05_srnp_57565_Mimoides_branchus,Mimoides_branchus
FS_a_7_Protographium_marcellus,Protographium_marcellus
NW152_19_Protesilaus_zonarius,Protesilaus_zonarius
FS_b_3703_Meandrusa_payeni,Meandrusa_payeni
NW69_3_Papilio_glaucus,Papilio_glaucus
FS_a_3_Battus_philenor,Battus_philenor
FS_b_3721_Euryades_duponchelli,Euryades_duponchelli
FS_b_1646_Pharmacophagus_antenor,Pharmacophagus_antenor
FS_b_1827_Cressida_cressida,Cressida_cressida
DHJ_02_2492_Parides_iphidamas,Parides_iphidamas
FS_b_3706_Losaria_neptunus,Losaria_neptunus
FS_b_974_Troides_helena,Troides_helena
FS_b_3776_Ornithoptera_euphorion,Ornithoptera_euphorion
NW150_3_Macrosoma_tipulata,Macrosoma_tipulata
RWH_96_0878_Macrosoma_bahiata,Macrosoma_bahiata
FS.b_983_Macrosoma_heliconiaria,Macrosoma_heliconiaria
AW97_Hasora_khoda,Hasora_khoda
370_ADW_Badamia_exclamationis,Badamia_exclamationis
633_MCZ_Bibasis_sena,Bibasis_sena
383_ADW_Burara_aquilina,Burara_aquilina
595_MCZ_Choaspes_stigmata,Choaspes_stigmata
533_ADW_Coeliades_forestan,Coeliades_forestan
189_ADW_Gesta_invisus,Gesta_invisus
52_ADW_Erynnis_afranius,Erynnis_afranius
637_ADW_Sostrata_nordica,Sostrata_nordica
UK47_Anastrus_sp_,Anastrus_sp
UK54_Potamanaxas_sp_,Potamanaxas_sp
176_ADW_Mylon_pelopidas,Mylon_pelopidas
483_ADW_Theagenes_dichrous,Theagenes_dichrous
180_ADW_Gorgythion_begga,Gorgythion_begga
ADW258_Chiomara_georgina,Chiomara_georgina
177_ADW_Timochares_trifasciata,Timochares_trifasciata
81_ADW_Camptopleura_auxo,Camptopleura_auxo
435_ADW_Helias_phalaenoides,Helias_phalaenoides
UK35_Cycloglypha_sp_,Cycloglypha_sp
485_ADW_Ebrietas_anacreon,Ebrietas_anacreon
UK49_Eantis_thraso,Eantis_thraso
NW85_8_Achlyodes_busiris,Achlyodes_busiris
521_ADW_Aethilla_lavochrea,Aethilla_lavochrea
UK71_Spioniades_artemides,Spioniades_artemides
UK34_Cabirus_procas,Cabirus_procas
511_ADW_Pythonides_jovianus,Pythonides_jovianus
UK39_Zera_nolckeni,Zera_nolckeni
510_ADW_Quadrus_cerialis,Quadrus_cerialis
UK43_Charidia_lucaria,Charidia_lucaria
188_ADW_Atarnes_sallei,Atarnes_sallei
UK67_Eburuncus_trifasciata,Eburuncus_trifasciata
636_ADW_Milanion_marciana,Milanion_marciana
ADW291_Xenophanes_tryxus,Xenophanes_tryxus
192_ADW_Zopyrion_sandace,Zopyrion_sandace
614_MCZ_Systasea_zampa,Systasea_zampa
UK48_Carrhenes_sp_,Carrhenes_sp
179_ADW_Antigonus_erosus,Antigonus_erosus
254_ADW_Celotes_nessus,Celotes_nessus
2_ADW_Pyrgus_communis,Pyrgus_communis
74_ADW_Heliopetes_alana,Heliopetes_alana
625_MCZ_Cyclosemia_anastomosis,Cyclosemia_anastomosis
UK33_Cornuphallus_sp_,Cornuphallus_sp
342_ADW_Viola_minor,Viola_minor
UK78_Iliana_sp_,Iliana_sp
UK86_Sophista_latifasciata,Sophista_latifasciata
481_ADW_Pachyneuria_lineatopunctata,Pachyneuria_lineatopunctata
640_ADW_Carcharodus_alceae,Carcharodus_alceae
390_ADW_Spialia_sertorius,Spialia_sertorius
UK30_Noctuana_haematospila,Noctuana_haematospila
UK41_Ouleus_narycus,Ouleus_narycus
82_ADW_Staphylus_ceos,Staphylus_ceos
12_ADW_Pholisora_catullus,Pholisora_catullus
RDJ001_Ortholexis_holocausta,Ortholexis_holocausta
437_ADW_Passova_gellias,Passova_gellias
638_ADW_Myscelus_belti,Myscelus_belti
523_ADW_Elbella_scylla,Elbella_scylla
525_ADW_Parelbella_macleannani,Parelbella_macleannani
626_MCZ_Creonpyge_creon,Creonpyge_creon
628_MCZ_Apyrrothrix_araxes,Apyrrothrix_araxes
ADW518_Yaguna_cosyra,Yaguna_cosyra
516_ADW_Pyrrhopyge_zenodorus,Pyrrhopyge_zenodorus
ADW413_Jemadia_hewitsonii,Jemadia_hewitsonii
ADW465_Mimoniades_montana,Mimoniades_montana
426_ADW_Sarbia_xanthippe,Sarbia_xanthippe
AW138_Mysoria_ambigua,Mysoria_ambigua
551_ADW_Celaenorrhinus_leona,Celaenorrhinus_leona
619_MCZ_Alenia_namaqua,Alenia_namaqua
137_ADW_Celaenorrhinus_eligius,Celaenorrhinus_eligius
603_MCZ_Pseudocoladenia_dan,Pseudocoladenia_dan
546_ADW_Sarangesa_bouvieri,Sarangesa_bouvieri
572_ADW_Eretis_plistonicus,Eretis_plistonicus
99_ADW_Netrocoryne_repanda,Netrocoryne_repanda
ADW599_Gerosis_phisara,Gerosis_phisara
RS_hsp_10_Calleagris_lacteus,Calleagris_lacteus
545_ADW_Eagris_tetrastigma,Eagris_tetrastigma
542_ADW_Tagiades_flesus,Tagiades_flesus
250_ADW_Daimio_tethys,Daimio_tethys
RS_hsp_26_Procampta_rara,Procampta_rara
589_MCZ_Darpa_striata,Darpa_striata
ADW371_Odontoptilum_angulata,Odontoptilum_angulata
RS_hsp_27_Abantis_sp,Abantis_sp
RS_hsp_04_Netrobalane_canopus,Netrobalane_canopus
85_ADW_Euschemon_rafflesia,Euschemon_rafflesia
143_ADW_Typhedanus_ampyx,Typhedanus_ampyx
78_ADW_Cogia_calchas,Cogia_calchas
UK44_Tarsoctenus_corytus,Tarsoctenus_corytus
508_ADW_Udranomia_kikkawai,Udranomia_kikkawai
454_ADW_Drephalys_kidonoi,Drephalys_kidonoi
UK52_Entheus_sp_,Entheus_sp
65_ADW_Hyalothyrus_mimicus,Hyalothyrus_mimicus
UK29_Phanus_vitreu,Phanus_vitreu
UK75_Salatis_sp_,Salatis_sp
403_ADW_Bungalotis_erythus,Bungalotis_erythus
639_ADW_Nascus_paulliniae,Nascus_paulliniae
441_ADW_Phocides_lilea,Phocides_lilea
UK46_Phareas_coeleste,Phareas_coeleste
407_ADW_Dyscophellus_phraxanor,Dyscophellus_phraxanor
UK32_Euriphellus_euribates,Euriphellus_euribates
ADW445_Cephise_aelius,Cephise_aelius
UK50_Chrysoplectrum_perniciosus,Chrysoplectrum_perniciosus
UK51_Polythrix_sp_,Polythrix_sp
147_ADW_Polygonus_leo,Polygonus_leo
509_ADW_Telemiades_fides,Telemiades_fides
529_ADW_Calliades_zeutus,Calliades_zeutus
140_ADW_Aguna_asander,Aguna_asander
187_ADW_Codatractus_melon,Codatractus_melon
UK28_Ridens_pacasa,Ridens_pacasa
504_ADW_Zestusa_elwesi,Zestusa_elwesi
597_MCZ_Lobocla_liliana,Lobocla_liliana
139_ADW_Proteides_mercurius,Proteides_mercurius
151_ADW_Chioides_catillus,Chioides_catillus
527_ADW_Narcosius_colossus,Narcosius_colossus
141_ADW_Spathilepia_clonius,Spathilepia_clonius
499_ADW_Cabares_potrillo,Cabares_potrillo
142_ADW_Astraptes_fulgerator,Astraptes_fulgerator
67_ADW_Autochton_longipennis,Autochton_longipennis
186_ADW_Achalarus_albociliatus,Achalarus_albociliatus
27_ADW_Thorybes_pylades,Thorybes_pylades
AW280_Urbanus_dorantes,Urbanus_dorantes
629_AVZB_Butleria_bissexguttatus,Butleria_bissexguttatus
UK23_Heteropterus_morpheus,Heteropterus_morpheus
631_ADW_Metisella_metis,Metisella_metis
228_ADW_Carterocephalus_palaemon,Carterocephalus_palaemon
UK40_Dalla_sp_,Dalla_sp
275_ADW_Piruna_aea,Piruna_aea
198_ADW_Dardarina_dardaris,Dardarina_dardaris
AW89_Trapezites_symmomus,Trapezites_symmomus
304_ADW_Signeta_flammeata,Signeta_flammeata
88_ADW_Toxidia_doubledayi,Toxidia_doubledayi
ADW621_Neohesperilla_xanthomera,Neohesperilla_xanthomera
308_ADW_Oreisplanus_perornata,Oreisplanus_perornata
312_ADW_Motasingha_trimaculata,Motasingha_trimaculata
105_ADW_Hesperilla_donnysa,Hesperilla_donnysa
116_ADW_Mesodina_aeluropis,Mesodina_aeluropis
616_MCZ_Antipodia_atralba,Antipodia_atralba
ADW299_Anisynta_dominula,Anisynta_dominula
100_ADW_Dispar_compacta,Dispar_compacta
339_ADW_Sovia_albipectus,Sovia_albipectus
615_MCZ_Ampittia_discorides,Ampittia_discorides
598_MCZ_Halpe_porus,Halpe_porus
167_ADW_Thoressa_varia,Thoressa_varia
92_ADW_Telicota_argeus,Telicota_argeus
121_ADW_Cephrenes_augiades,Cephrenes_augiades
309_ADW_Sabera_caesina,Sabera_caesina
311_ADW_Arrhenes_dschilus,Arrhenes_dschilus
293_ADW_Taroctrocera_papyria,Taroctrocera_papyria
392_ADW_Potanthus_sp_,Potanthus_sp
90_ADW_Ocybadistes_walkeri,Ocybadistes_walkeri
379_ADW_Suniana_sunias,Suniana_sunias
548_ADW_Ceratrichia_clara,Ceratrichia_clara
562_ADW_Meza_meza,Meza_meza
RS_hsp_14_Pardaleodes_sp,Pardaleodes_sp
ADW610_Pyroneura_sp_,Pyroneura_sp
549_ADW_Osmodes_lindseyi,Osmodes_lindseyi
RS_hsp_12_Platylesches_picanini,Platylesches_picanini
RS_hsp_18_Osphantes_ogowena,Osphantes_ogowena
RS_hsp_07_Gorgyra_sp,Gorgyra_sp
RS_hsp_11_Paronymus_nevea,Paronymus_nevea
RS_hsp_13_Fresna_nyassae,Fresna_nyassae
RS_hsp_03_Teniorhinus_ignita,Teniorhinus_ignita
555_ADW_Andronymus_evander,Andronymus_evander
553_ADW_Paracleros_biguttulus,Paracleros_biguttulus
ADW560_Gretna_cylinda,Gretna_cylinda
RS_hsp_05_Hypoleucis_sp,Hypoleucis_sp
550_ADW_Xanthodisca_astrape,Xanthodisca_astrape
566_ADW_Caenides_dacela,Caenides_dacela
632_ADW_Kedestes_barberae,Kedestes_barberae
ADW586_Tsitana_tulbagha,Tsitana_tulbagha
165_ADW_Isoteinon_lamprospilus,Isoteinon_lamprospilus
337_ADW_Astictopterus_jama,Astictopterus_jama
573_ADW_Gamia_shelleyi,Gamia_shelleyi
UK17_Artitropa_comus,Artitropa_comus
RS_hsp_06_Zophopetes_dysmephila,Zophopetes_dysmephila
RS_hsp_30_Chondrolepis_niveicornis,Chondrolepis_niveicornis
RS_hsp_09_Mopala_orme,Mopala_orme
UK4_Leona_lota,Leona_lota
602_MCZ_Hidari_irava,Hidari_irava
ADW535_Pteroteinon_laufella,Pteroteinon_laufella
RS_hsp_02_Semelea_sp,Semelea_sp
RS_hsp_01_Monza_cretacea,Monza_cretacea
336_ADW_Suada_swerga,Suada_swerga
ADW596_Pemara_pugnans,Pemara_pugnans
594_MCZ_Suastus_minutus,Suastus_minutus
331_ADW_Plastingia_naga,Plastingia_naga
338_ADW_Lotongus_calathus,Lotongus_calathus
399_ADW_Unkana_mytheca,Unkana_mytheca
607_MCZ_Zela_excellens,Zela_excellens
VC1_Erionota_thrax,Erionota_thrax
608_MCZ_Gangara_thyrsis,Gangara_thyrsis
394_ADW_Idmon_obliquans,Idmon_obliquans
396_ADW_Iambrix_salsala,Iambrix_salsala
605_MCZ_Hyarotis_adrastus,Hyarotis_adrastus
400_ADW_Ancistroides_nigrita,Ancistroides_nigrita
ADW591_Notocrypta_curvifasciata,Notocrypta_curvifasciata
410_ADW_Orses_cynisca,Orses_cynisca
448_ADW_Perichares_philetes,Perichares_philetes
RS_hsp_24_Zenonia_zeno,Zenonia_zeno
234_ADW_Polytremis_pellucida,Polytremis_pellucida
600_MCZ_Iton_watsonii,Iton_watsonii
RS8_Caltoris_sp,Caltoris_sp
570_ADW_Pelopidas_thrax,Pelopidas_thrax
RS_hsp_17_Gegenes_nigo,Gegenes_nigo
36_ADW_Megathymus_streckeri,Megathymus_streckeri
587_ADW_Agathymus_mariae,Agathymus_mariae
MM03333_Thymelicus_lineola,Thymelicus_lineola
268_ADW_Copaeodes_aurantiaca,Copaeodes_aurantiaca
20_ADW_Oarisma_garita,Oarisma_garita
506_ADW_Panoquina_hecebolus,Panoquina_hecebolus
514_ADW_Saliana_esperi,Saliana_esperi
144_ADW_Calpodes_ethlius,Calpodes_ethlius
512_ADW_Talides_sinois,Talides_sinois
64_ADW_Pyrrhopygopsis_crates,Pyrrhopygopsis_crates
UK42_Tromba_tromba,Tromba_tromba
UK64_Cobalus_calvina,Cobalus_calvina
UK27_Aides_duma,Aides_duma
451_ADW_Thracides_phidon,Thracides_phidon
23_ADW_Euphyes_vestris,Euphyes_vestris
351_ADW_Hansa_devergens,Hansa_devergens
348_ADW_Lindra_brasus,Lindra_brasus
352_ADW_Libra_aligula,Libra_aligula
UK74_Serdis_viridicans,Serdis_viridicans
502_ADW_Thespieus_macareus,Thespieus_macareus
UK87_Atrytonopsis_sp,Atrytonopsis_sp
ADW429_Xeniades_orchamus,Xeniades_orchamus
UK77_Vacerra_hermesia,Vacerra_hermesia
37_ADW_Anatrytone_logan,Anatrytone_logan
468_ADW_Decinea_decinea,Decinea_decinea
ADW199_Quasimellana_eulogius,Quasimellana_eulogius
UK84_Buzyges_rolla,Buzyges_rolla
AW50_Ochlodes_sylvanoides,Ochlodes_sylvanoides
94_ADW_Stinga_morrisoni,Stinga_morrisoni
21_ADW_Poanes_taxiles,Poanes_taxiles
204_ADW_Conga_chydaea,Conga_chydaea
160_ADW_Nyctelius_nyctelius,Nyctelius_nyctelius
220_ADW_Atalopedes_campestris,Atalopedes_campestris
42_ADW_Hesperia_leonardus,Hesperia_leonardus
229_ADW_Pseudocopaeodes_eunus,Pseudocopaeodes_eunus
630_AVZB_Hylephila_phyleus,Hylephila_phyleus
60_ADW_Pompeius_pompeius,Pompeius_pompeius
344_ADW_Appia_appia,Appia_appia
UK59_Wallengrenia_otho,Wallengrenia_otho
14_ADW_Polites_themistocles,Polites_themistocles
UK57_Justinia_sp_,Justinia_sp
634_ADW_Synapte_silius,Synapte_silius
UK26_Molo_mango,Molo_mango
UK55_Racta_sp_,Racta_sp
173_ADW_Corticea_corticea,Corticea_corticea
63_ADW_Anthoptus_epictetus,Anthoptus_epictetus
NW153_20_Pyrrhocalles_antiqua,Pyrrhocalles_antiqua
UK88_Asbolis_capucinus,Asbolis_capucinus
611_MCZ_Ancyloxypha_numitor,Ancyloxypha_numitor
30_ADW_Amblyscirtes_exoteria,Amblyscirtes_exoteria
501_ADW_Remella_rita,Remella_rita
209_ADW_Mnasicles_hicetaon,Mnasicles_hicetaon
80_ADW_Callimormus_radiola,Callimormus_radiola
195_ADW_Lento_xanthina,Lento_xanthina
341_ADW_Virga_austrinus,Virga_austrinus
480_ADW_Vinius_letis,Vinius_letis
UK45_Paracarystus_menestries,Paracarystus_menestries
635_ADW_Niconiades_xanthaphes,Niconiades_xanthaphes
ADW642_Halotus_jonaveriorum,Halotus_jonaveriorum
ADW345_Mucia_gulala,Mucia_gulala
491_ADW_Sodalia_coler,Sodalia_coler
UK38_Phanes_abaris,Phanes_abaris
350_ADW_Lucida_ranesus,Lucida_ranesus
UK37_Pheraeus_odilia,Pheraeus_odilia
343_ADW_Cumbre_belli,Cumbre_belli
346_ADW_Saturnus_metonidia,Saturnus_metonidia
ADW479_Parphorus_fartuga,Parphorus_fartuga
206_ADW_Morys_micythus,Morys_micythus
77_ADW_Cymaenes_alumna,Cymaenes_alumna
349_ADW_Vidius_catarinae,Vidius_catarinae
79_ADW_Vehilius_putus,Vehilius_putus
267_ADW_Mnasilus_allubita,Mnasilus_allubita
210_ADW_Papias_phainis,Papias_phainis
ADW492_Nastra_lurida,Nastra_lurida
477_ADW_Vettius_artona,Vettius_artona
ADW641_Lerodea_eufala,Lerodea_eufala
507_ADW_Monca_crispinus,Monca_crispinus
NW149_5_Leptidea_sinapis,Leptidea_sinapis
MFB_00_P312_Pseudopieris_nehemia,Pseudopieris_nehemia
MFB_00_P403_Moschoneura_pinthous,Moschoneura_pinthous
NW153_23_Dismorphia_spio,Dismorphia_spio
MFB_00_P234_Lieinix_nemesis,Lieinix_nemesis
MFB_00_P405_Enantia_lina,Enantia_lina
MFB_00_P353_Patia_orize,Patia_orize
SC_01_T380_Pseudopontia_paradoxa,Pseudopontia_paradoxa
MFB_00_P215_Kricogonia_lyside,Kricogonia_lyside
DC_98_U711_Nathalis_iole,Nathalis_iole
MFB_00_P211_Pyrisitia_proterpia,Pyrisitia_proterpia
MFB_00_P419_Teriocolias_zelia,Teriocolias_zelia
DW_92_Z084_Eurema_mexicana,Eurema_mexicana
PDV_94_B004_Leucidia_brephos,Leucidia_brephos
MFB_00_R059_Gandaca_harina,Gandaca_harina
NW17718_Gonepteryx_rhamni,Gonepteryx_rhamni
MFB_00_P197_Phoebis_sennae,Phoebis_sennae
MFB_00_P199_Aphrissa_statira,Aphrissa_statira
MFB_00_P475_Dercas_gobrias,Dercas_gobrias
MFB_00_P059_Catopsilia_pomona,Catopsilia_pomona
MFB_00_P188_Anteos_clorinde,Anteos_clorinde
MM03233_Colias_palaeno,Colias_palaeno
MFB_00_P204_Zerene_cesonia,Zerene_cesonia
SC_01_T403_Nepheronia_thalassina,Nepheronia_thalassina
MFB_00_P442_Pareronia_valeria,Pareronia_valeria
GA_93_Z028_Pinacopteryx_eriphia,Pinacopteryx_eriphia
CLT_OB_003_Teracolus_eris,Teracolus_eris
GA_93_Z024_Gideona_lucasi,Gideona_lucasi
SC_01_T434_Colotis_hetaera,Colotis_hetaera
DL_00_Q581_Ixias_pyrene,Ixias_pyrene
SC_01_T424_Eronia_cleodora,Eronia_cleodora
NP_95_Y258_Hebomoia_glaucippe,Hebomoia_glaucippe
MFB_00_P437_Eroessa_chiliensis,Eroessa_chiliensis
MFB_00_P428_Mathania_leucothea,Mathania_leucothea
MFB_00_P398_Cunizza_hirlanda,Cunizza_hirlanda
MFB_00_P268_Hesperocharis_crocea,Hesperocharis_crocea
NW107_2_Elphinstonia_charlonia,Elphinstonia_charlonia
NW151_2_Anthocharis_cardamine,Anthocharis_cardamine
RV_08_H240_Zegris_eupheme,Zegris_eupheme
AF_94_A022_Euchloe_ausonides,Euchloe_ausonides
NP_95_Y248_Leptosia_nina,Leptosia_nina
MFB_00_P133_Elodina_angulipennis,Elodina_angulipennis
MFB_00_P469_Aoa_affinis,Aoa_affinis
NP_95_Y239_Saletara_liberia,Saletara_liberia
MFB_00_P195_Appias_drusilla,Appias_drusilla
MM06585_Pieris_rapae,Pieris_rapae
MFB_00_P467_Talbotia_naganum,Talbotia_naganum
MFB_00_P189_Leptophobia_aripa,Leptophobia_aripa
MFB_00_P221_Pieriballia_viardi,Pieriballia_viardi
MFB_00_P277_Itaballia_demophile,Itaballia_demophile
MFB_00_P202_Perrhybris_pamela,Perrhybris_pamela
MFB_00_P492_Baltia_butleri,Baltia_butleri
NP_99_T476_Pontia_helice,Pontia_helice
MFB_00_P170_Ascia_monuste,Ascia_monuste
MFB_00_P201_Ganyra_josephina,Ganyra_josephina
MFB_00_P449_Theochila_maenacte,Theochila_maenacte
MFB_00_P306_Tatochila_autodice,Tatochila_autodice
MFB_00_P432_Hypsochila_wagenknechti,Hypsochila_wagenknechti
MFB_00_P410_Pierphulia_rosea,Pierphulia_rosea
MFB_00_P416_Infraphulia_ilyodes,Infraphulia_ilyodes
MFB_00_P375_Phulia_nymphula,Phulia_nymphula
DL_00_Q546_Belenois_java,Belenois_java
SC_01_T400_Dixeia_charina,Dixeia_charina
MFB_00_P131_Cepora_perimale,Cepora_perimale
DL_00_Q610_Prioneris_philonome,Prioneris_philonome
NP_99_T486_Mylothris_agathina,Mylothris_agathina
DL_01_N104_Delias_belladonna,Delias_belladonna
MFB_00_P468_Leuciacria_acuta,Leuciacria_acuta
NW149_4_Aporia_crataegi,Aporia_crataegi
MFB_00_P316_Melete_lycimnia,Melete_lycimnia
MFB_00_P265_Leodonta_tellane,Leodonta_tellane
MFB_00_P283_Pereute_charops,Pereute_charops
MFB_00_P284_Eucheira_socialis,Eucheira_socialis
NGK_02_C419_Neophasia_menapia,Neophasia_menapia
MFB_00_P263_Archonias_brassolis,Archonias_brassolis
MFB_00_P395_Charonias_eurytele,Charonias_eurytele
MFB_00_P266_Catasticta_cerberus,Catasticta_cerberus
PM03_14_Curetis_barsine,Curetis_barsine
SP_93_P006_Baliochila_minima,Baliochila_minima
MWT_93_B007_Poritia_erycinoides,Poritia_erycinoides
KD_94_T063_Liphyra_brassolis,Liphyra_brassolis
PM03_11_Allotinus_leogoron,Allotinus_leogoron
KF_94_P022_Miletus_ancon,Miletus_ancon
JL10_14_Lycaena_alciphron,Lycaena_alciphron
KD_94_Q002_Lucia_limbaria,Lucia_limbaria
RE_01_H030_Jalmenus_daemeli,Jalmenus_daemeli
MM04799_Favonius_quercus,Favonius_quercus
DY_93_G038_Thecla_coelicolor,Thecla_coelicolor
AS_92_Z034_Callipsyche_behrii,Callipsyche_behrii
MWT93A051_Anthene_emolus,Anthene_emolus
MWT93A041_Pithecops_corvus,Pithecops_corvus
MWT93B058_Nacaduba_angusta,Nacaduba_angusta
TL96W903_Azanus_mirza,Azanus_mirza
DL02P705_Una_usta,Una_usta
TL97W507_Pseudonacaduba_aethiops,Pseudonacaduba_aethiops
KD93C021_Psychonotis_caelius,Psychonotis_caelius
MWT93D027_Caleta_elna,Caleta_elna
MWT93B024_Castalius_rosimon,Castalius_rosimon
AH00T289_Zintha_hintza,Zintha_hintza
KD94Q064_Zizeeria_karsandra,Zizeeria_karsandra
KD93C044_Catochrysops_panormus,Catochrysops_panormus
MWT93A070_Jamides_alecto,Jamides_alecto
TL97W513_Eicochrysops_hippocrates,Eicochrysops_hippocrates
MWT93B038_Lycaenopsis_haraldus,Lycaenopsis_haraldus
EW28_1_Celastrina_neglecta,Celastrina_neglecta
AP98W773_Actizera_lucida,Actizera_lucida
MWT93E012_Lampides_boeticus,Lampides_boeticus
AH95Y685_Cacyreus_marshalli,Cacyreus_marshalli
TL96W917_Phlyaria_cyara,Phlyaria_cyara
TL96W908_Uranothauma_falkensteini,Uranothauma_falkensteini
FH05M006_Caerulea_coeligena,Caerulea_coeligena
ALHU86.1_Maculinea_alcon,Maculinea_alcon
VL02L518_Scolitantides_orion,Scolitantides_orion
AD02W094_Glaucopsyche_lycormas,Glaucopsyche_lycormas
ADW05I826_Euphilotes_centralis,Euphilotes_centralis
JC96Q003_Iolana_iolas,Iolana_iolas
KED05I833_Philotes_sonorensis,Philotes_sonorensis
RV06H852_Pseudophilotes_panoptes,Pseudophilotes_panoptes
RV04G317_Turanana_endymion,Turanana_endymion
VL02L575_Otnjukovia_tatjana,Otnjukovia_tatjana
KD95Z506_Famegana_alsulus,Famegana_alsulus
KD_93_Q030_Theclinesthes_miskini,Theclinesthes_miskini
AAM98V076_Oraidium_barberae,Oraidium_barberae
KD94R033_Zizula_hylax,Zizula_hylax
AH98Y715_Lepidochrysops_dukei,Lepidochrysops_dukei
KD93C045_Euchrysops_cnejus,Euchrysops_cnejus
RV03V095_Leptotes_trigemmatus,Leptotes_trigemmatus
AD00P540_Cupido_minimus,Cupido_minimus
JXM99T709_Talicada_nyseus,Talicada_nyseus
NK00P594_Tongeia_fischeri,Tongeia_fischeri
DL99T242_Chilades_lajus,Chilades_lajus
AS92Z184_Aricia_acmon,Aricia_acmon
AS92Z005_Lycaeides_melissa,Lycaeides_melissa
AD00P266_Albulina_loewii,Albulina_loewii
RV03H454_Lysandra_coridon,Lysandra_coridon
NK00P562_Polyommatus_icarus,Polyommatus_icarus
MAT99Q841_Agrodiaetus_damon,Agrodiaetus_damon
JE01C283_Cyclargus_ammon,Cyclargus_ammon
MH01I001_Hemiargus_ceraunus,Hemiargus_ceraunus
RE01H234_Echinargus_huntingtoni,Echinargus_huntingtoni
MC04Z114_Pseudochrysops_bornoi,Pseudochrysops_bornoi
BD02B788_Pseudolucia_andina,Pseudolucia_andina
RV05M735_Eldoradina_cyanea,Eldoradina_cyanea
RV03V234_Nabokovia_cuzquenha,Nabokovia_cuzquenha
RV03V188_Paralycaeides_inconspicua,Paralycaeides_inconspicua
MFB00N166_Itylos_mashenka,Itylos_mashenka
RV03V314_Madeleinea_cobaltana,Madeleinea_cobaltana
NS0227_Euselasia_euromus,Euselasia_euromus
FM_50_Abisara_rutherfordi,Abisara_rutherfordi
JM4_12_Zemeros_sp,Zemeros_sp
NW148_12_Takashia_nana,Takashia_nana
NW84_13_Hamearis_lucina,Hamearis_lucina
NN77_Styx_infernalis,Styx_infernalis
NS0119_Alesa_amesis,Alesa_amesis
NS0090_Eurybia_rubeolata,Eurybia_rubeolata
NS0332_Eunogyra_curupira,Eunogyra_curupira
NS0313_Hyphilaria_thasus,Hyphilaria_thasus
NS0378_Ithomiola_nepos,Ithomiola_nepos
NS0375_Voltinia_cebrenia,Voltinia_cebrenia
NS0435_Napaea_heteroea,Napaea_heteroea
NS0047_Ionotus_alector,Ionotus_alector
NS0058_Leucochimona_icare,Leucochimona_icare
NS0191_Mesophthalma_idotea,Mesophthalma_idotea
NS0053_Mesosemia_rhodia,Mesosemia_rhodia
NS0348_Perophthalma_tullius,Perophthalma_tullius
NS0142_Semomesia_marisa,Semomesia_marisa
NS0107_Halonympha_paucipuncta,Halonympha_paucipuncta
NS0115_Harveyope_eudocia,Harveyope_eudocia
NS0106_Zabuella_castanea,Zabuella_castanea
NS0372_Zabuella_tenellus,Zabuella_tenellus
NS0457_Pseudotinea_hemis,Pseudotinea_hemis
NS0004_Theope_,Theope_sp
NS0362_Roeberella_,Roeberella_sp
NS0497_Protonymphidia_senta,Protonymphidia_senta
NS0420_Stalachtis_calliope,Stalachtis_calliope
NS0358_Nymphidium_cf_olinda,cf_olinda
NS0379_Mycastor_leucarpis,Mycastor_leucarpis
NS0052_Catocyclotes_aemulius,Catocyclotes_aemulius
NS0127_Livendula_epixante,Livendula_epixante
NS0462_Pandemus_pasiphae,Pandemus_pasiphae
NS0138_Zelotaea_phasma,Zelotaea_phasma
NS0137_Calospila_rhesa,Calospila_rhesa
NS0181_Setabis_,Setabis_sp
NS0103_Menander_menander,Menander_menander
NS0318_Juditha_azan,Juditha_azan
NS0383_Synargis_regulus,Synargis_regulus
PDV_94_T013_Uraneis_hyalina,Uraneis_hyalina
NS0116_Ariconias_glaphyra,Ariconias_glaphyra
NS0081_Thisbe_spn,Thisbe_spn
NS0093_Lemonias_stalachtioides,Lemonias_stalachtioides
NS0361_Calydna_cea,Calydna_cea
NS0192_Echydna_chaseba,Echydna_chaseba
NS0290_Echenais_thelephus,Echenais_thelephus
NS0141_Sarota_,Sarota_sp
NS0386_Anteros_formosus,Anteros_formosus
NS0347_Helicopis_cupido,Helicopis_cupido
NS0046_Argyrogrammana_caesarion,Argyrogrammana_caesarion
NS0495_Phaenochitonia_cingulus,Phaenochitonia_cingulus
NS0061_Pirascca_sagaris,Pirascca_sagaris
NS0501_Panaropsis_,Panaropsis_sp
NS0308_Mesene_croceella,Mesene_croceella
NS0481_Mesenopsis_jordana,Mesenopsis_jordana
NS0401_Symmachia_praxila,Symmachia_praxila
NS0105_Stichelia_bocchoris,Stichelia_bocchoris
NS0012_Emesis_lucinda,Emesis_lucinda
NS0104_Sertania_guttata,Sertania_guttata
NS0326_Caria_plutargus,Caria_plutargus
NS0370_Barbicornis_basilis,Barbicornis_basilis
NS0291_Chamaelimnas_doryphora,Chamaelimnas_doryphora
NS0038_Baeotis_cf_johannae,cf_johannae
NS0417_Dachetola_azora,Dachetola_azora
NS0340_Cartea_vitula,Cartea_vitula
NS0483_Metacharis_nigrella,Metacharis_nigrella
NS0074_Parcella_amarynthina,Parcella_amarynthina
NS0398_Pheles_heliconides,Pheles_heliconides
NS0463_Syrmatia_nyx,Syrmatia_nyx
NS0015_Lasaia_agesilas,Lasaia_agesilas
NS0415_Detritivora_ma,Detritivora_ma
NS0214_Charis_anius,Charis_anius
NS0111_Calephelis_ayaman,Calephelis_ayaman
NS0195_Crocozona_coecias,Crocozona_coecias
NS0381_Chalodeta_chelonis,Chalodeta_chelonis
NS0110_Riodina_lysisca,Riodina_lysisca
NS0303_Notheme_erota,Notheme_erota
NS0248_Ithomeis_aurantiaca,Ithomeis_aurantiaca
NW85_9_Amarynthis_meneria,Amarynthis_meneria
NS0288_Rhetus_periander,Rhetus_periander
NS0334_Ancyluris_aulestes,Ancyluris_aulestes
NS0409_Lyropteryx_therpsichore,Lyropteryx_therpsichore
NS0477_Siseme_aristoteles,Siseme_aristoteles
NS0140_Themone_pais,Themone_pais
NS0432_Isapsis_argyrtus,Isapsis_argyrtus
NS0108_Melanis_aegates,Melanis_aegates
NS0365_Panara_soana,Panara_soana
NS0316_Chorinea_amazon,Chorinea_amazon
NW70_7_Parthenos_sylvia,Parthenos_sylvia
NW102_8_Harma_theobene,Harma_theobene
NW102_16_Cymothoe_caenis,Cymothoe_caenis
NW100_13_Lebadea_martha,Lebadea_martha
NW115_1_Pantoporia_paraka,Pantoporia_paraka
NW98_3_Neptis_ida,Neptis_ida
NW99_8_Pseudacraea_poggei,Pseudacraea_poggei
NW123_21_Pseudoneptis_bugandensis,Pseudoneptis_bugandensis
NW67_2_Limenitis_reducta,Limenitis_reducta
SPM044_Auzakia_danava,Auzakia_danava
NW107_16_Adelpha_californica,Adelpha_californica
SPM047_Parasarpa_zayla,Parasarpa_zayla
NW114_18_Moduza_procris,Moduza_procris
SPM046_Pandita_sinope,Pandita_sinope
NW99_4_Athyma_selenophora,Athyma_selenophora
PM16_02_Sumalia_daraxa,Sumalia_daraxa
NW114_16_Catuna_crithea,Catuna_crithea
NW112_4_Bassarona_dunya,Bassarona_dunya
NW135_1_Lexias_pardalis,Lexias_pardalis
NW103_3_Dophla_evelina,Dophla_evelina
NW100_14_Euthalia_monina,Euthalia_monina
NW100_15_Tanaecia_julii,Tanaecia_julii
JM11_1_Pseudathyma_sibyllina,Pseudathyma_sibyllina
NW99_11_Euptera_elabontas,Euptera_elabontas
NW95_16_Euphaedra_herberti,Euphaedra_herberti
NW102_15_Bebearia_sophus,Bebearia_sophus
NW107_18_Euryphura_chalcis,Euryphura_chalcis
NW123_20_Hamanumida_daedalus,Hamanumida_daedalus
NW102_9_Aterica_galene,Aterica_galene
NW99_10_Euriphene_tadema_,Euriphene_tadema
NW100_12_Cethosia_cyane,Cethosia_cyane
NW115_8_Acraea_andromacha,Acraea_andromacha
NW146_16_Bematistes_epaea,Bematistes_epaea
NW90_14_Actinote_stratonice,Actinote_stratonice
KK_fj55_3_Telchinia_encedon,Telchinia_encedon
KK_02_2001_Pe_Eueides_lybia,Eueides_lybia
KK_NCS2556_FG_Heliconius_erato,Heliconius_erato
KK_8554_P_Agraulis_vanillae,Agraulis_vanillae
PE_5_7_Dione_glycera,Dione_glycera
KK_8700_Pe_Philaethria_dido,Philaethria_dido
KK_2921_P_Dryadula_phaetusa,Dryadula_phaetusa
KK_8146_E_Podotricha_telesiphe,Podotricha_telesiphe
KK_8648_Pe_Dryas_iulia,Dryas_iulia
NW69_4_Vindula_arsinoe,Vindula_arsinoe
NW103_16_Lachnoptera_anticlia,Lachnoptera_anticlia
DL01_Q637_Algia_fasciata,Algia_fasciata
NW136_8_Algiachroa_woodfordi,Algiachroa_woodfordi
NW131_6_Cirrochroa_tyche,Cirrochroa_tyche
NW158_1_Smerina_manoro,Smerina_manoro
NW71_7_Cupha_prosope,Cupha_prosope
NW86_3_Phalanta_phalantha,Phalanta_phalantha
NW71_8_Vagrans_egista,Vagrans_egista
NW134_9_Terinos_atlita,Terinos_atlita
NW94_15_Euptoieta_claudia,Euptoieta_claudia
PE_22_1_Yramea_inca,Yramea_inca
NW154_2_Pardopsis_punctatissima,Pardopsis_punctatissima
NW96_16_Boloria_aquilonaris,Boloria_aquilonaris
NW131_4_Issoria_eugenia,Issoria_eugenia
NW95_1_Brenthis_ino,Brenthis_ino
NW76_12_Argynnis_paphia,Argynnis_paphia
NW101_1_Amnosia_decora,Amnosia_decora
NW118_1_Pseudergolis_wedah,Pseudergolis_wedah
NW111_10_Dichorragia_nesimachus,Dichorragia_nesimachus
NW100_10_Stibochiona_nicea,Stibochiona_nicea
SPM049_Lelecella_limenitoides,Lelecella_limenitoides
NW97_8_Timelaea_albescens,Timelaea_albescens
NW156_7_Apaturopsis_cleochares,Apaturopsis_cleochares
NW152_13_Asterocampa_idyja,Asterocampa_idyja
NP95_Y227_Eulaceura_osteria,Eulaceura_osteria
NW97_11_Chitoria_ulupi,Chitoria_ulupi
NW143_6_Hestina_mena,Hestina_mena
NW112_20_Euripus_nyctelius,Euripus_nyctelius
NW119_1_Doxocopa_laure,Doxocopa_laure
NW113_6_Sephisa_dichroa,Sephisa_dichroa
NW69_6_Apatura_iris,Apatura_iris
NW156_15_Hestinalis_divona,Hestinalis_divona
NW84_7_Mimathyma_schrenckii,Mimathyma_schrenckii
NW106_3_Biblis_hyperia,Biblis_hyperia
NW129_18_Vila_azeka,Vila_azeka
NW82_10_Ariadne_enotrea,Ariadne_enotrea
NP95_Y308_Laringa_castelnaui,Laringa_castelnaui
NW129_22_Mestra_hypermestra,Mestra_hypermestra
NW152_8_Archimestra_teleboas,Archimestra_teleboas
NW82_6_Eurytela_dryope,Eurytela_dryope
NW88_14_Byblia_anvatara,Byblia_anvatara
NW83_5_Mesoxantha_ethosea,Mesoxantha_ethosea
NW99_14_Neptidopsis_ophione,Neptidopsis_ophione
NW114_3_Ectima_thecla,Ectima_thecla
NW62_3_Hamadryas_februa,Hamadryas_februa
NW109_5_Batesia_hypochlora,Batesia_hypochlora
NW109_8_Panacea_regina,Panacea_regina
NW109_4_Myscelia_capenas,Myscelia_capenas
NW62_5_Catonephele_numilia,Catonephele_numilia
BB08_Nessaea_obrinus,Nessaea_obrinus
bb30_Cybdelis_phaisile,Cybdelis_phaisile
NW152_10_Dynamine_serina,Dynamine_serina
NW88_15_Sevenia_boisduvali,Sevenia_boisduvali
bb19_Eunica_bechina,Eunica_bechina
NW152_7_Lucinia_cadma,Lucinia_cadma
NW126_30_Haematera_pyrame,Haematera_pyrame
NW119_3_Paulogramma_tolima,Paulogramma_tolima
bb62_Callicore_excelsior,Callicore_excelsior
NW126_29_Diaethria_clymena,Diaethria_clymena
bb40_Perisama_cabirnia,Perisama_cabirnia
NW115_3_Pyrrhogyra_crameri,Pyrrhogyra_crameri
NW129_25_Epiphile_orea,Epiphile_orea
PM03_05_Bolboneura_sylphis,Bolboneura_sylphis
bb17_Peria_lamis,Peria_lamis
NW85_11_Nica_flavilla,Nica_flavilla
NW114_4_Temenis_laothoe,Temenis_laothoe
bb21_Asterope_markii,Asterope_markii
NW152_12_Marpesia_eleuchea,Marpesia_eleuchea
NW106_16_Chersonesia_rahria,Chersonesia_rahria
NW100_11_Cyrestis_thyodamas,Cyrestis_thyodamas
NW155_7_Pycina_zamba,Pycina_zamba
NW130_15_Baeotus_beotus,Baeotus_beotus
NW81_7_Historis_odius,Historis_odius
NW85_2_Smyrna_blomfildia,Smyrna_blomfildia
NW68_11_Colobura_dirce,Colobura_dirce
NW87_3_Tigridia_acesta,Tigridia_acesta
NW160_3_Araschnia_levana,Araschnia_levana
NW97_3_Symbrenthia_lilaea,Symbrenthia_lilaea
NW161_5_Mynes_katharina,Mynes_katharina
NW63_21_Vanessa_atalanta,Vanessa_atalanta
NW89_13_Hypanartia_dione,Hypanartia_dione
NW82_4_Antanartia_delius,Antanartia_delius
NW63_3_Aglais_urticae,Aglais_urticae
NW65_6_Polygonia_comma,Polygonia_comma
NW62_2_Nymphalis_polychloros,Nymphalis_polychloros
NW164_1_Kaniska_canace,Kaniska_canace
NW81_5_Rhinopalpa_polynice,Rhinopalpa_polynice
NW62_8_Kallima_paralekta,Kallima_paralekta
NW122_6_Mallika_jacksoni,Mallika_jacksoni
NW88_1_Catacroptera_cloanthe,Catacroptera_cloanthe
NW96_8_Kallimoides_rumia,Kallimoides_rumia
NW85_1_Napeocles_jucunda,Napeocles_jucunda
NW69_5_Siproeta_stelenes,Siproeta_stelenes
NW87_2_Metamorpha_elissa,Metamorpha_elissa
NW68_5_Anartia_amathea,Anartia_amathea
NW96_5_Vanessula_milca,Vanessula_milca
NW68_9_Precis_octavia,Precis_octavia
NW62_6_Hypolimnas_bolina,Hypolimnas_bolina
NW82_3_Salamis_cacta,Salamis_cacta
NW68_1_Junonia_oenone,Junonia_oenone
NW80_13_Yoma_sabina,Yoma_sabina
NW73_15_Protogoniomorpha_anacardii,Protogoniomorpha_anacardii
NW64_5_Doleschallia_bisaltide,Doleschallia_bisaltide
NW13_3_Euphydryas_phaeton,Euphydryas_phaeton
NW73_14_Melitaea_cinxia,Melitaea_cinxia
NW27_4_Poladryas_arachne,Poladryas_arachne
NW62_1_Chlosyne_janais,Chlosyne_janais
NW27_7_Dymasia_dymas,Dymasia_dymas
NW7_1_Texola_perse,Texola_perse
NW89_9_Gnathotriche_exclamationis,Gnathotriche_exclamationis
NW87_1_Higginsius_fasciata,Higginsius_fasciata
NW152_14_Antillea_pelops,Antillea_pelops
NW119_21_Atlantea_pantoni,Atlantea_pantoni
NW108_8_Phystis_simois,Phystis_simois
NW76_6_Mazia_amazonica,Mazia_amazonica
NW148_1_Ortilia_liriope,Ortilia_liriope
NW11_4_Phyciodes_cocyta,Phyciodes_cocyta
NW108_9_Tegosa_claudina,Tegosa_claudina
NW12_6_Anthanassa_texana,Anthanassa_texana
CP04_39_Dagon_pusillus,Dagon_pusillus
NW114_6_Castilia_castilla,Castilia_castilla
NW92_12_Telenassa_teletusa,Telenassa_teletusa
NW85_16_Janatella_leucodesma,Janatella_leucodesma
NW92_5_Eresia_eunice,Eresia_eunice
NW152_15_Libytheana_terena,Libytheana_terena
NW71_1_Libythea_celtis,Libythea_celtis
NW152_6_Anetia_briarea,Anetia_briarea
NW122_19_Lycorea_halia,Lycorea_halia
NW84_14_Idea_leuconoe,Idea_leuconoe
NW70_8_Euploea_camaralzeman,Euploea_camaralzeman
NW108_21_Danaus_plexippus,Danaus_plexippus
NW156_9_Tirumala_limniacea,Tirumala_limniacea
NW86_5_Amauris_ellioti,Amauris_ellioti
NW112_8_Parantica_aspasia,Parantica_aspasia
NP95_Y318_Ideopsis_gaura,Ideopsis_gaura
KSP_4486_Miriamica_sp_,Miriamica_sp
QL5_Tellervo_zoilus,Tellervo_zoilus
MD_2_Aeria_olena,Aeria_olena
E_12_1_Elzunia_pavoni,Elzunia_pavoni
20354_Thyridia_psidii,Thyridia_psidii
BAKU_23_Sais_rosalia,Sais_rosalia
BAKU_22_Scada_karschina,Scada_karschina
20217_Forbestra_olivencia,Forbestra_olivencia
NW127_3_Mechanitis_lysimnia,Mechanitis_lysimnia
02_1564_Tithorea_harmonia,Tithorea_harmonia
NW114_2_Methona_themisto,Methona_themisto
ME10_356_Eutresis_hypereia,Eutresis_hypereia
MC11_19_Paititia_neglecta,Paititia_neglecta
ME10_414_Olyras_crathis,Olyras_crathis
05_1371_Athyrtis_mechanitis,Athyrtis_mechanitis
BAKU_66_Melinaea_ludovica,Melinaea_ludovica
LEP_06463_Athesis_acrisione,Athesis_acrisione
21184_Patricia_demylus,Patricia_demylus
DS_CJ8833_Hyposcada_virginiana,Hyposcada_virginiana
E_32_1_Ollantaya_aeginata,Ollantaya_aeginata
21497_Oleria_santineza,Oleria_santineza
21470_Ithomia_nsp,Ithomia_nsp
NW114_1_Placidina_euryanassa,Placidina_euryanassa
ME11_113_Pagyris_cymothoe,Pagyris_cymothoe
ME11_7_Hyalyris_praxilla,Hyalyris_praxilla
NW122_22_Hypothyris_ninonia,Hypothyris_ninonia
05_933_Napeogenes_duessa,Napeogenes_duessa
G104_Aremfoxia_ferra,Aremfoxia_ferra
NW127_4_Epityches_eupompe,Epityches_eupompe
NW122_20_Dircenna_dero,Dircenna_dero
BAKU_4_Hyalenna_pascua,Hyalenna_pascua
20767_Callithomia_alexirrhoe,Callithomia_alexirrhoe
G109_Haenschia_derama,Haenschia_derama
21025_Pteronymia_alida,Pteronymia_alida
ME10_471_Episcada_mira,Episcada_mira
BMC_1622_Ceratinia_iolaia,Ceratinia_iolaia
05_1038_Veladyris_cytharista,Veladyris_cytharista
E_39_32_Velamysta_phengites,Velamysta_phengites
LS02_16_Pseudoscada_florula,Pseudoscada_florula
CR_1_5_Genus2_annette,Genus2_annette
NW70_9_Greta_morgane,Greta_morgane
05_1012_Hypomenitis_alphesiboea,Hypomenitis_alphesiboea
05_1369_Godyris_dircenna,Godyris_dircenna
MJ07_701_Genus1_nsp1,Genus1_nsp1
BAKU_43_Heterosais_edessa,Heterosais_edessa
ME10_359_Brevioleria_coenina,Brevioleria_coenina
21693_Hypoleria_sarepta,Hypoleria_sarepta
MC11_63_Pachacutia_mantura,Pachacutia_mantura
03_74_Mcclungia_cymo,Mcclungia_cymo
NW64_3_Calinaga_buddha,Calinaga_buddha
NW103_5_Prothoe_franck,Prothoe_franck
NW111_8_Agatasa_calydonia,Agatasa_calydonia
NW124_7_Palla_decius,Palla_decius
NW131_10_Euxanthe_eurinome,Euxanthe_eurinome
NW121_24_Polyura_alphius,Polyura_alphius
NW78_3_Charaxes_castor,Charaxes_castor
CP_M264_Prepona_hewitsonius,Prepona_hewitsonius
NW81_9_Archaeoprepona_demophon,Archaeoprepona_demophon
CP05_41_Anaeomorpha_splendida,Anaeomorpha_splendida
NW127_11_Hypna_clytemnestra,Hypna_clytemnestra
CP_M269_Coenophlebia_archidona,Coenophlebia_archidona
PM19_26_Zaretis_itys,Zaretis_itys
NW124_6_Siderone_galanthis,Siderone_galanthis
NW109_16_Consul_fabius,Consul_fabius
NW127_6_Memphis_appias,Memphis_appias
NW92_2_Anaea_troglodyta,Anaea_troglodyta
NW106_1_Fountainea_ryphea,Fountainea_ryphea
CP06_88_Polygrapha_tyrianthina,Polygrapha_tyrianthina
NW109_12_Antirrhea_philoctetes,Antirrhea_philoctetes
CP09_56_Caerois_chorinaeus,Caerois_chorinaeus
NW66_5_Morpho_helenor,Morpho_helenor
CP01_78_Bia_actorion,Bia_actorion
NW109_11_Dynastor_darius,Dynastor_darius
NW126_4_Dasyophthalma_creusa,Dasyophthalma_creusa
PM01_24_Narope_cyllabarus,Narope_cyllabarus
NW126_3_Opoptera_syme,Opoptera_syme
NW70_10_Caligo_telamonius,Caligo_telamonius
PM06_06_Eryphanis_lycomedon,Eryphanis_lycomedon
NW155_22_Caligopsis_seleucida,Caligopsis_seleucida
NW122_21_Brassolis_sophorae,Brassolis_sophorae
PM06_12_Opsiphanes_cassina,Opsiphanes_cassina
NW155_3_Blepolenis_batea,Blepolenis_batea
NW155_5_Penetes_pamphanis,Penetes_pamphanis
NW162_6_Catoblepia_amphiroe,Catoblepia_amphiroe
NW155_20_Selenophanes_cassiope,Selenophanes_cassiope
PM14_20_Pierella_lamia,Pierella_lamia
PM11_05_Dulcedo_polita,Dulcedo_polita
LEP_08924_Pseudohaetera_hypaesia,Pseudohaetera_hypaesia
PM14_21_Cithaerias_bandusia,Cithaerias_bandusia
CP01_84_Haetera_piera,Haetera_piera
PM15_09_Morphopsis_albertisi,Morphopsis_albertisi
NW102_5_Hyantis_hodeva,Hyantis_hodeva
NW121_20_Elymnias_casiphone,Elymnias_casiphone
EW11_1_Manataria_hercyna,Manataria_hercyna
CP16_12_Cyllogenes_woolleti,Cyllogenes_woolleti
KA_P631_Gnophodes_chelys,Gnophodes_chelys
NW66_6_Melanitis_leda,Melanitis_leda
CP13_03_Paralethe_dendrophilus,Paralethe_dendrophilus
CP15_06_Torynesis_magna,Torynesis_magna
CP15_04_Dira_clytus,Dira_clytus
SW_125_Dingana_clara,Dingana_clara
CP13_01_Aeropetes_tulbaghia,Aeropetes_tulbaghia
NW144_3_Tarsocera_fulvina,Tarsocera_fulvina
NW142_8_Xanthotaenia_busiris,Xanthotaenia_busiris
NW118_14_Neorina_sp_,Neorina_sp
CP_B02_Penthema_darlisa,Penthema_darlisa
NW121_7_Ethope_noirei,Ethope_noirei
NW106_10_Zethera_incerta,Zethera_incerta
NW101_6_Discophora_necho,Discophora_necho
NW118_19_Faunis_menado,Faunis_menado
NW102_1_Morphotenaris_schoenbergi,Morphotenaris_schoenbergi
NW102_4_Taenaris_cyclops,Taenaris_cyclops
NW97_7_Stichophthalma_howqua,Stichophthalma_howqua
NW111_15_Thauria_aliris,Thauria_aliris
SA_3_2_Thaumantis_klugius,Thaumantis_klugius
NW101_2_Zeuxidia_dorhni,Zeuxidia_dorhni
NW114_17_Amathusia_phidippus,Amathusia_phidippus
NW111_14_Amathuxidia_amythaon,Amathuxidia_amythaon
CP16_09_Ragadia_makuta,Ragadia_makuta
CP10_09_Kirinia_roxelana,Kirinia_roxelana
EW24_23_Lasiommata_megera,Lasiommata_megera
EW1_1_Pararge_aegeria,Pararge_aegeria
CP16_05_Tatinga_thibetana,Tatinga_thibetana
EW3_6_Lopinga_achine,Lopinga_achine
NW142_16_Chonala_miyatai,Chonala_miyatai
NW142_23_Rhaphicera_dumicola,Rhaphicera_dumicola
NW140_8_Ninguta_schrenkii,Ninguta_schrenkii
NW117_22_Aphysoneura_pigmentaria,Aphysoneura_pigmentaria
NW121_17_Lethe_minerva,Lethe_minerva
NW166_9_Enodia_anthedon,Enodia_anthedon
CP11_01_Satyrodes_eurydice,Satyrodes_eurydice
EW25_23_Neope_bremeri,Neope_bremeri
CP10_05_Hallelesis_halyma,Hallelesis_halyma
EW10_5_Bicyclus_anynana,Bicyclus_anynana
UK5_2_Lohora_imatrix,Lohora_imatrix
KA_P557_Heteropsis_obscura,Heteropsis_obscura
KA_P511_Mycalesis_orseis,Mycalesis_orseis
KA_P513_Mydosama_maianeas,Mydosama_maianeas
CP16_16_Acrophtalmia_leuce,Acrophtalmia_leuce
CP16_14_Coelites_euptychioides,Coelites_euptychioides
CP16_06_Loxerebia_saxicola,Loxerebia_saxicola
D30_Zipaetis_saitis,Zipaetis_saitis
CP16_13_Erites_argentina,Erites_argentina
EW25_17_Orsotriaena_medus,Orsotriaena_medus
NW136_2_Argyronympha_ugiensis,Argyronympha_ugiensis
CP06_89_Oressinoma_sorata,Oressinoma_sorata
EW7_3_Coenonympha_pamphilus,Coenonympha_pamphilus
NW161_17_Sinonympha_amoena,Sinonympha_amoena
PNG_1_10_Lamprolenis_nitida,Lamprolenis_nitida
KB339_Hypocysta_adiante,Hypocysta_adiante
NW161_1_Altiapa_klossi,Altiapa_klossi
RA61_Nesoxenica_leprea,Nesoxenica_leprea
EW10_4_Heteronympha_merope,Heteronympha_merope
NW124_24_Argynnina_cyrila,Argynnina_cyrila
RA64_Geitoneura_klugii,Geitoneura_klugii
NW162_1_Paratisiphone_lyrnessa,Paratisiphone_lyrnessa
NW124_21_Tisiphone_abeona,Tisiphone_abeona
NW136_11_Harsiesis_hygea,Harsiesis_hygea
NW161_4_Platypthima_ornata,Platypthima_ornata
NW161_3_Erycinidia_virgo,Erycinidia_virgo
UK1_20_Oreixenica_latialis,Oreixenica_latialis
NW123_15_Dodonidia_helmsii,Dodonidia_helmsii
NW123_16_Erebiola_butleri,Erebiola_butleri
NW123_18_Argyrophenga_antipodium,Argyrophenga_antipodium
NW123_17_Percnodaimon_merula,Percnodaimon_merula
NW143_7_Proterebia_afra,Proterebia_afra
CP16_19_Callerebia_polyphemus,Callerebia_polyphemus
CP01_33_Euptychia_spn2,Euptychia_spn2
PM07_22_Calisto_herophile,Calisto_herophile
CP15_16_Gyrocheilus_patrobas,Gyrocheilus_patrobas
KA_P869_Strabena_tamatabia,Strabena_tamatabia
NW117_23_Ypthimomorpha_itonia,Ypthimomorpha_itonia
NW98_5_Ypthima_baldus,Ypthima_baldus
NW144_5_Stygionympha_vigilans,Stygionympha_vigilans
NW144_2_Cassionympha_cassius,Cassionympha_cassius
NW144_1_Pseudonympha_magus,Pseudonympha_magus
NW91_5_Neocoenyra_petersi,Neocoenyra_petersi
NW156_18_Boeberia_parmenio,Boeberia_parmenio
EW24_7_Erebia_oeme,Erebia_oeme
CP15_09_Cercyonis_meadii,Cercyonis_meadii
CP10_07_Hyponephele_cadusia,Hyponephele_cadusia
EW4_5_Maniola_jurtina,Maniola_jurtina
EW4_2_Pyronia_cecilia,Pyronia_cecilia
EW2_1_Aphantopus_hyperantus,Aphantopus_hyperantus
CH_30_5_Faunula_leucoglene,Faunula_leucoglene
CP11_05_Paralasa_styx,Paralasa_styx
CB12_13_Grumia_konigi,Grumia_konigi
EW24_17_Melanargia_galathea,Melanargia_galathea
EW26_29_Berberia_lambessanus,Berberia_lambessanus
EW25_24_Hipparchia_fatua,Hipparchia_fatua
CD_1_1_Neominois_ridingsii,Neominois_ridingsii
EW4_1_Oeneis_jutta,Oeneis_jutta
CP_AC23_32_Karanasa_pamira,Karanasa_pamira
CP11_06_Arethusana_arethusa,Arethusana_arethusa
CP_B01_Brintesia_circe,Brintesia_circe
NW162_21_Satyrus_actaea,Satyrus_actaea
EW26_19_Chazara_briseis,Chazara_briseis
CP10_11_Pseudochazara_mamurra,Pseudochazara_mamurra
CP07_51_Parapedaliodes_parepa,Parapedaliodes_parepa
CP10_04_Praepedaliodes_phanias,Praepedaliodes_phanias
CP07_87_Punapedaliodes_flavopunctata,Punapedaliodes_flavopunctata
CP09_66_Pedaliodes_spn117,Pedaliodes_spn117
CP09_53_Panyapedaliodes_drymaea,Panyapedaliodes_drymaea
CP17_01_Steromapedaliodes_albonotata,Steromapedaliodes_albonotata
CP17_02_Redonda_empetrus,Redonda_empetrus
CP17_06_Cheimas_opalinus,Cheimas_opalinus
CP04_06_Corades_enyo,Corades_enyo
NW127_19_Foetterleia_schreineri,Foetterleia_schreineri
NW127_21_Eteona_tisiphone,Eteona_tisiphone
CP03_70_Pronophila_thelebe,Pronophila_thelebe
CP06_94_Junea_dorinda,Junea_dorinda
CP13_08_Thiemeia_phoronea,Thiemeia_phoronea
CP04_01_Pseudomaniola_phaselis,Pseudomaniola_phaselis
CP09_78_Apexacuta_astoreth,Apexacuta_astoreth
CP04_67_Oxeoschistus_leucospilos,Oxeoschistus_leucospilos
CP04_36_Lasiophila_cirta,Lasiophila_cirta
CP07_15_Proboscis_propylea,Proboscis_propylea
CP17_04_Mygona_irmina,Mygona_irmina
CP03_71_Steroma_modesta,Steroma_modesta
CP07_89_Steremnia_umbracina,Steremnia_umbracina
CP03_63_Manerebia_cyclopina,Manerebia_cyclopina
CP17_03_Diaphanos_curvignathos,Diaphanos_curvignathos
KA119_Ianussiusa_maso,Ianussiusa_maso
V37_Idioneurula_eremita,Idioneurula_eremita
KA193_Lymanopoda_albomaculata,Lymanopoda_albomaculata
CH_8A_2_Nelia_nemyroides,Nelia_nemyroides
CH_30_4_Etcheverrius_chiliensis,Etcheverrius_chiliensis
CP13_07_Punargentus_lamna,Punargentus_lamna
CP14_04_Haywardella_edmondsii,Haywardella_edmondsii
NW126_12_Pampasatyrus_gyrtone,Pampasatyrus_gyrtone
CH_25_1_Elina_montrolii,Elina_montrolii
CH_12_1_Quilaphoetosus_monachus,Quilaphoetosus_monachus
RV_03_V13_Auca_coctei,Auca_coctei
CH_24A_1_Chillanella_stelligera,Chillanella_stelligera
NW136_14_Atlanteuptychia_ernestina,Atlanteuptychia_ernestina
NW165_3_Cyllopsis_pertepida,Cyllopsis_pertepida
CP15_08_Paramacera_xicaque,Paramacera_xicaque
EW25_21_Palaeonympha_opalina,Palaeonympha_opalina
CP21_04_Megisto_cymela,Megisto_cymela
CP12_04_Moneuptychia_itapeva,Moneuptychia_itapeva
CP07_58_Cissia_penelope,Cissia_penelope
CP01_68_Chloreuptychia_catharina,Chloreuptychia_catharina
CP01_23_Rareuptychia_clio,Rareuptychia_clio
NW126_21_Amphidecta_calliomma,Amphidecta_calliomma
CP12_06_Pharneuptychia_innocentia,Pharneuptychia_innocentia
CP14_02_Zischkaia_pacarus,Zischkaia_pacarus
CP06_93_Hermeuptychia_harmonia,Hermeuptychia_harmonia
NW127_8_Godartiana_muscosa,Godartiana_muscosa
NW165_5_Pindis_squamistriga,Pindis_squamistriga
NW108_3_Taygetis_virgilia,Taygetis_virgilia
CP22_01_Coeruleotaygetis_peribaea,Coeruleotaygetis_peribaea
CP_DNACI107_Harjesia_oreba,Harjesia_oreba
LEP_00435_Taygetina_banghaasi,Taygetina_banghaasi
CP04_88_Forsterinaria_boliviana,Forsterinaria_boliviana
NN58_Parataygetis_lineata,Parataygetis_lineata
NW126_13_Posttaygetis_penelea,Posttaygetis_penelea
CP_DNACI64_Pseudodebis_valentina,Pseudodebis_valentina
CP22_04_Taygetomorpha_puritana,Taygetomorpha_puritana
CP01_11_Caeruleuptychia_helios,Caeruleuptychia_helios
NW167_5_Capronnieria_galesus,Capronnieria_galesus
CP02_19_Paryphthimoides_poltys,Paryphthimoides_poltys
CP04_51_Euptychoides_hotchkissi,Euptychoides_hotchkissi
CP01_36_Magneuptychia_moderata,Magneuptychia_moderata
NW149_9_Archeuptychia_cluena,Archeuptychia_cluena
CP02_39_Splendeuptychia_furina,Splendeuptychia_furina
NW149_11_Taydebis_peculiaris,Taydebis_peculiaris
BR_AVLF_1_Prenda_clarissa,Prenda_clarissa
CP02_24_Erichthodes_antonina,Erichthodes_antonina
CP06_67_Pareuptychia_metaleuca,Pareuptychia_metaleuca
CP06_70_Megeuptychia_monopunctata,Megeuptychia_monopunctata
CP22_03_Neonympha_areolatus,Neonympha_areolatus
DNA97_006_Satyrotaygetis_satyrina,Satyrotaygetis_satyrina
